id,year,day_no,moon_day_no,morning_hural,day_hural,night_hural,refuge,pujah,mandala_destruction,lusuud,tsetar,baldjinima,dashinima,tersuud,modon_hohimoy,riha,pagshag,good_for_haircut,good_for_travel,significant_day,comment,article_link,lamas_checked
731,2020,365,23,13,14,,0,0,0,0,0,0,0,0,0,0,0,0,0,0,,,0
730,2020,364,22,13,14,,0,0,0,0,0,0,0,0,0,0,0,0,0,0,,,0
729,2020,363,21,13,14,,0,0,0,0,0,0,0,0,0,0,0,0,0,0,,,0
728,2020,362,20,13,14,,0,0,0,0,0,0,0,0,0,0,0,0,0,0,,,0
727,2020,361,19,15,19,,0,0,0,0,0,0,0,0,0,0,0,0,0,0,,,0
726,2020,360,18,13,17,,0,0,0,0,0,0,0,0,0,0,0,0,0,0,,,0
725,2020,359,17,13,16,,0,0,0,0,0,0,0,0,0,0,0,0,0,0,,,0
724,2020,358,16,13,14,,0,0,0,0,0,0,0,0,0,0,0,0,0,0,,,0
723,2020,357,15,13,14,,0,0,0,0,0,0,0,0,0,0,0,0,0,0,,,0
722,2020,356,14,13,14,,0,0,0,0,0,0,0,0,0,0,0,0,0,0,,,0
721,2020,355,13,13,14,,0,0,0,0,0,0,0,0,0,0,0,0,0,0,,,0
720,2020,354,12,15,18,,0,0,0,0,0,0,0,0,0,0,0,0,0,0,,,0
719,2020,353,11,13,17,,0,0,0,0,0,0,0,0,0,0,0,0,0,0,,,0
718,2020,352,10,13,16,,0,0,0,0,0,0,0,0,0,0,0,0,0,0,,,0
717,2020,351,9,13,14,,0,0,0,0,0,0,0,0,0,0,0,0,0,0,,,0
716,2020,350,8,13,14,,0,0,0,0,0,0,0,0,0,0,0,0,0,0,,,0
715,2020,349,7,13,14,,0,0,0,0,0,0,0,0,0,0,0,0,0,0,,,0
714,2020,348,6,13,14,,0,0,0,0,0,0,0,0,0,0,0,0,0,0,,,0
713,2020,347,5,15,18,,0,0,0,0,0,0,0,0,0,0,0,0,0,0,,,0
712,2020,346,4,13,17,,0,0,0,0,0,0,0,0,0,0,0,0,0,0,,,0
711,2020,345,3,13,16,,0,0,0,0,0,0,0,0,0,0,0,0,0,0,,,0
710,2020,344,2,13,14,,0,0,0,0,0,0,0,0,0,0,0,0,0,0,,,0
709,2020,343,1,13,14,,0,0,0,0,0,0,0,0,0,0,0,0,0,0,,,0
708,2020,342,29,13,14,,0,0,0,0,0,0,0,0,0,0,0,0,0,0,,,0
707,2020,341,28,13,14,,0,0,0,0,0,0,0,0,0,0,0,0,0,0,,,0
706,2020,340,27,15,18,,0,0,0,0,0,0,0,0,0,0,0,0,0,0,,,0
705,2020,339,26,13,17,,0,0,0,0,0,0,0,0,0,0,0,0,0,0,,,0
704,2020,338,25,13,16,,0,0,0,0,0,0,0,0,0,0,0,0,0,0,,,0
703,2020,337,24,13,14,,0,0,0,0,0,0,0,0,0,0,0,0,0,0,,,0
702,2020,336,23,13,14,,0,0,0,0,0,0,0,0,0,0,0,0,0,0,,,0
701,2020,335,22,13,14,,0,0,0,0,0,0,0,0,0,0,0,0,0,0,,,0
700,2020,334,21,13,14,,0,0,0,0,0,0,0,0,0,0,0,0,0,0,,,0
699,2020,333,20,15,19,,0,0,0,0,0,0,0,0,0,0,0,0,0,0,,,0
698,2020,332,19,13,17,,0,0,0,0,0,0,0,0,0,0,0,0,0,0,,,0
697,2020,331,18,13,16,,0,0,0,0,0,0,0,0,0,0,0,0,0,0,,,0
696,2020,330,17,13,14,,0,0,0,0,0,0,0,0,0,0,0,0,0,0,,,0
695,2020,329,16,13,14,,0,0,0,0,0,0,0,0,0,0,0,0,0,0,,,0
694,2020,328,15,13,14,,0,0,0,0,0,0,0,0,0,0,0,0,0,0,,,0
693,2020,327,14,13,14,,0,0,0,0,0,0,0,0,0,0,0,0,0,0,,,0
692,2020,326,13,15,18,,0,0,0,0,0,0,0,0,0,0,0,0,0,0,,,0
691,2020,325,12,13,17,,0,0,0,0,0,0,0,0,0,0,0,0,0,0,,,0
690,2020,324,11,13,16,,0,0,0,0,0,0,0,0,0,0,0,0,0,0,,,0
689,2020,323,10,13,14,,0,0,0,0,0,0,0,0,0,0,0,0,0,0,,,0
688,2020,322,9,13,14,,0,0,0,0,0,0,0,0,0,0,0,0,0,0,,,0
687,2020,321,8,13,14,,0,0,0,0,0,0,0,0,0,0,0,0,0,0,,,0
686,2020,320,7,13,14,,0,0,0,0,0,0,0,0,0,0,0,0,0,0,,,0
685,2020,319,6,15,18,,0,0,0,0,0,0,0,0,0,0,0,0,0,0,,,0
684,2020,318,5,13,17,,0,0,0,0,0,0,0,0,0,0,0,0,0,0,,,0
683,2020,317,4,13,16,,0,0,0,0,0,0,0,0,0,0,0,0,0,0,,,0
682,2020,316,3,13,14,,0,0,0,0,0,0,0,0,0,0,0,0,0,0,,,0
681,2020,315,2,13,14,,0,0,0,0,0,0,0,0,0,0,0,0,0,0,,,0
680,2020,314,1,13,14,,0,0,0,0,0,0,0,0,0,0,0,0,0,0,,,0
679,2020,313,29,13,14,,0,0,0,0,0,0,0,0,0,0,0,0,0,0,,,0
678,2020,312,28,15,18,,0,0,0,0,0,0,0,0,0,0,0,0,0,0,,,0
677,2020,311,27,13,17,,0,0,0,0,0,0,0,0,0,0,0,0,0,0,,,0
676,2020,310,26,13,16,,0,0,0,0,0,0,0,0,0,0,0,0,0,0,,,0
675,2020,309,25,13,14,,0,0,0,0,0,0,0,0,0,0,0,0,0,0,,,0
674,2020,308,24,13,14,,0,0,0,0,0,0,0,0,0,0,0,0,0,0,,,0
673,2020,307,23,13,14,,0,0,0,0,0,0,0,0,0,0,0,0,0,0,,,0
672,2020,306,22,13,14,,0,0,0,0,0,0,0,0,0,0,0,0,0,0,,,0
671,2020,305,21,15,18,,0,0,0,0,0,0,0,0,0,0,0,0,0,0,,,0
670,2020,304,20,13,17,,0,0,0,0,0,0,0,0,0,0,0,0,0,0,,,0
669,2020,303,19,13,16,,0,0,0,0,0,0,0,0,0,0,0,0,0,0,,,0
668,2020,302,18,13,14,,0,0,0,0,0,0,0,0,0,0,0,0,0,0,,,0
667,2020,301,17,13,14,,0,0,0,0,0,0,0,0,0,0,0,0,0,0,,,0
666,2020,300,16,13,14,,0,0,0,0,0,0,0,0,0,0,0,0,0,0,,,0
665,2020,299,15,13,14,,0,0,0,0,0,0,0,0,0,0,0,0,0,0,,,0
664,2020,298,14,15,19,,0,0,0,0,0,0,0,0,0,0,0,0,0,0,,,0
663,2020,297,13,13,17,,0,0,0,0,0,0,0,0,0,0,0,0,0,0,,,0
662,2020,296,12,13,16,,0,0,0,0,0,0,0,0,0,0,0,0,0,0,,,0
661,2020,295,11,13,14,,0,0,0,0,0,0,0,0,0,0,0,0,0,0,,,0
660,2020,294,10,13,14,,0,0,0,0,0,0,0,0,0,0,0,0,0,0,,,0
659,2020,293,9,13,14,,0,0,0,0,0,0,0,0,0,0,0,0,0,0,,,0
658,2020,292,8,13,14,,0,0,0,0,0,0,0,0,0,0,0,0,0,0,,,0
657,2020,291,7,15,18,,0,0,0,0,0,0,0,0,0,0,0,0,0,0,,,0
656,2020,290,6,13,17,,0,0,0,0,0,0,0,0,0,0,0,0,0,0,,,0
655,2020,289,5,13,16,,0,0,0,0,0,0,0,0,0,0,0,0,0,0,,,0
654,2020,288,4,13,14,,0,0,0,0,0,0,0,0,0,0,0,0,0,0,,,0
653,2020,287,3,13,14,,0,0,0,0,0,0,0,0,0,0,0,0,0,0,,,0
652,2020,286,2,13,14,,0,0,0,0,0,0,0,0,0,0,0,0,0,0,,,0
651,2020,285,1,13,14,,0,0,0,0,0,0,0,0,0,0,0,0,0,0,,,0
650,2020,284,29,15,18,,0,0,0,0,0,0,0,0,0,0,0,0,0,0,,,0
649,2020,283,28,13,17,,0,0,0,0,0,0,0,0,0,0,0,0,0,0,,,0
648,2020,282,27,13,16,,0,0,0,0,0,0,0,0,0,0,0,0,0,0,,,0
647,2020,281,26,13,14,,0,0,0,0,0,0,0,0,0,0,0,0,0,0,,,0
646,2020,280,25,13,14,,0,0,0,0,0,0,0,0,0,0,0,0,0,0,,,0
645,2020,279,24,13,14,,0,0,0,0,0,0,0,0,0,0,0,0,0,0,,,0
644,2020,278,23,13,14,,0,0,0,0,0,0,0,0,0,0,0,0,0,0,,,0
643,2020,277,22,15,18,,0,0,0,0,0,0,0,0,0,0,0,0,0,0,,,0
642,2020,276,21,13,17,,0,0,0,0,0,0,0,0,0,0,0,0,0,0,,,0
641,2020,275,20,13,16,,0,0,0,0,0,0,0,0,0,0,0,0,0,0,,,0
640,2020,274,19,13,14,,0,0,0,0,0,0,0,0,0,0,0,0,0,0,,,0
639,2020,273,18,13,14,,0,0,0,0,0,0,0,0,0,0,0,0,0,0,,,0
638,2020,272,17,13,14,,0,0,0,0,0,0,0,0,0,0,0,0,0,0,,,0
637,2020,271,16,13,14,,0,0,0,0,0,0,0,0,0,0,0,0,0,0,,,0
636,2020,270,15,15,19,,0,0,0,0,0,0,0,0,0,0,0,0,0,0,,,0
635,2020,269,14,13,17,,0,0,0,0,0,0,0,0,0,0,0,0,0,0,,,0
634,2020,268,13,13,16,,0,0,0,0,0,0,0,0,0,0,0,0,0,0,,,0
633,2020,267,12,13,14,,0,0,0,0,0,0,0,0,0,0,0,0,0,0,,,0
632,2020,266,11,13,14,,0,0,0,0,0,0,0,0,0,0,0,0,0,0,,,0
631,2020,265,10,13,14,,0,0,0,0,0,0,0,0,0,0,0,0,0,0,,,0
630,2020,264,9,13,14,,0,0,0,0,0,0,0,0,0,0,0,0,0,0,,,0
629,2020,263,8,15,18,,0,0,0,0,0,0,0,0,0,0,0,0,0,0,,,0
628,2020,262,7,13,17,,0,0,0,0,0,0,0,0,0,0,0,0,0,0,,,0
627,2020,261,6,13,16,,0,0,0,0,0,0,0,0,0,0,0,0,0,0,,,0
626,2020,260,5,13,14,,0,0,0,0,0,0,0,0,0,0,0,0,0,0,,,0
625,2020,259,4,13,14,,0,0,0,0,0,0,0,0,0,0,0,0,0,0,,,0
624,2020,258,3,13,14,,0,0,0,0,0,0,0,0,0,0,0,0,0,0,,,0
623,2020,257,2,13,14,,0,0,0,0,0,0,0,0,0,0,0,0,0,0,,,0
622,2020,256,1,15,18,,0,0,0,0,0,0,0,0,0,0,0,0,0,0,,,0
621,2020,255,29,13,17,,0,0,0,0,0,0,0,0,0,0,0,0,0,0,,,0
620,2020,254,28,13,16,,0,0,0,0,0,0,0,0,0,0,0,0,0,0,,,0
619,2020,253,27,13,14,,0,0,0,0,0,0,0,0,0,0,0,0,0,0,,,0
618,2020,252,26,13,14,,0,0,0,0,0,0,0,0,0,0,0,0,0,0,,,0
617,2020,251,25,13,14,,0,0,0,0,0,0,0,0,0,0,0,0,0,0,,,0
616,2020,250,24,13,14,,0,0,0,0,0,0,0,0,0,0,0,0,0,0,,,0
615,2020,249,23,15,18,,0,0,0,0,0,0,0,0,0,0,0,0,0,0,,,0
614,2020,248,22,13,17,,0,0,0,0,0,0,0,0,0,0,0,0,0,0,,,0
613,2020,247,21,13,16,,0,0,0,0,0,0,0,0,0,0,0,0,0,0,,,0
612,2020,246,20,13,14,,0,0,0,0,0,0,0,0,0,0,0,0,0,0,,,0
611,2020,245,19,13,14,,0,0,0,0,0,0,0,0,0,0,0,0,0,0,,,0
610,2020,244,18,13,14,,0,0,0,0,0,0,0,0,0,0,0,0,0,0,,,0
609,2020,243,17,13,14,,0,0,0,0,0,0,0,0,0,0,0,0,0,0,,,0
608,2020,242,16,15,19,,0,0,0,0,0,0,0,0,0,0,0,0,0,0,,,0
607,2020,241,15,13,17,,0,0,0,0,0,0,0,0,0,0,0,0,0,0,,,0
606,2020,240,14,13,16,,0,0,0,0,0,0,0,0,0,0,0,0,0,0,,,0
605,2020,239,13,13,14,,0,0,0,0,0,0,0,0,0,0,0,0,0,0,,,0
604,2020,238,12,13,14,,0,0,0,0,0,0,0,0,0,0,0,0,0,0,,,0
603,2020,237,11,13,14,,0,0,0,0,0,0,0,0,0,0,0,0,0,0,,,0
602,2020,236,10,13,14,,0,0,0,0,0,0,0,0,0,0,0,0,0,0,,,0
601,2020,235,9,15,18,,0,0,0,0,0,0,0,0,0,0,0,0,0,0,,,0
600,2020,234,8,13,17,,0,0,0,0,0,0,0,0,0,0,0,0,0,0,,,0
599,2020,233,7,13,16,,0,0,0,0,0,0,0,0,0,0,0,0,0,0,,,0
598,2020,232,6,13,14,,0,0,0,0,0,0,0,0,0,0,0,0,0,0,,,0
597,2020,231,5,13,14,,0,0,0,0,0,0,0,0,0,0,0,0,0,0,,,0
596,2020,230,4,13,14,,0,0,0,0,0,0,0,0,0,0,0,0,0,0,,,0
595,2020,229,3,13,14,,0,0,0,0,0,0,0,0,0,0,0,0,0,0,,,0
594,2020,228,2,15,18,,0,0,0,0,0,0,0,0,0,0,0,0,0,0,,,0
593,2020,227,1,13,17,,0,0,0,0,0,0,0,0,0,0,0,0,0,0,,,0
592,2020,226,29,13,16,,0,0,0,0,0,0,0,0,0,0,0,0,0,0,,,0
591,2020,225,28,13,14,,0,0,0,0,0,0,0,0,0,0,0,0,0,0,,,0
590,2020,224,27,13,14,,0,0,0,0,0,0,0,0,0,0,0,0,0,0,,,0
589,2020,223,26,13,14,,0,0,0,0,0,0,0,0,0,0,0,0,0,0,,,0
588,2020,222,25,13,14,,0,0,0,0,0,0,0,0,0,0,0,0,0,0,,,0
587,2020,221,24,15,18,,0,0,0,0,0,0,0,0,0,0,0,0,0,0,,,0
586,2020,220,23,13,17,,0,0,0,0,0,0,0,0,0,0,0,0,0,0,,,0
585,2020,219,22,13,16,,0,0,0,0,0,0,0,0,0,0,0,0,0,0,,,0
584,2020,218,21,13,14,,0,0,0,0,0,0,0,0,0,0,0,0,0,0,,,0
583,2020,217,20,13,14,,0,0,0,0,0,0,0,0,0,0,0,0,0,0,,,0
582,2020,216,19,13,14,,0,0,0,0,0,0,0,0,0,0,0,0,0,0,,,0
581,2020,215,18,13,14,,0,0,0,0,0,0,0,0,0,0,0,0,0,0,,,0
580,2020,214,17,15,18,,0,0,0,0,0,0,0,0,0,0,0,0,0,0,,,0
579,2020,213,16,13,17,,0,0,0,0,0,0,0,0,0,0,0,0,0,0,,,0
578,2020,212,15,13,16,,0,0,0,0,0,0,0,0,0,0,0,0,0,0,,,0
577,2020,211,14,13,14,,0,0,0,0,0,0,0,0,0,0,0,0,0,0,,,0
576,2020,210,13,13,14,,0,0,0,0,0,0,0,0,0,0,0,0,0,0,,,0
575,2020,209,12,13,14,,0,0,0,0,0,0,0,0,0,0,0,0,0,0,,,0
574,2020,208,11,13,14,,0,0,0,0,0,0,0,0,0,0,0,0,0,0,,,0
573,2020,207,10,15,19,,0,0,0,0,0,0,0,0,0,0,0,0,0,0,,,0
572,2020,206,9,13,17,,0,0,0,0,0,0,0,0,0,0,0,0,0,0,,,0
571,2020,205,8,13,16,,0,0,0,0,0,0,0,0,0,0,0,0,0,0,,,0
570,2020,204,7,13,14,,0,0,0,0,0,0,0,0,0,0,0,0,0,0,,,0
569,2020,203,6,13,14,,0,0,0,0,0,0,0,0,0,0,0,0,0,0,,,0
568,2020,202,5,13,14,,0,0,0,0,0,0,0,0,0,0,0,0,0,0,,,0
567,2020,201,4,13,14,,0,0,0,0,0,0,0,0,0,0,0,0,0,0,,,0
566,2020,200,3,15,18,,0,0,0,0,0,0,0,0,0,0,0,0,0,0,,,0
565,2020,199,2,13,17,,0,0,0,0,0,0,0,0,0,0,0,0,0,0,,,0
564,2020,198,1,13,16,,0,0,0,0,0,0,0,0,0,0,0,0,0,0,,,0
563,2020,197,29,13,14,,0,0,0,0,0,0,0,0,0,0,0,0,0,0,,,0
562,2020,196,28,13,14,,0,0,0,0,0,0,0,0,0,0,0,0,0,0,,,0
561,2020,195,27,13,14,,0,0,0,0,0,0,0,0,0,0,0,0,0,0,,,0
560,2020,194,26,13,14,,0,0,0,0,0,0,0,0,0,0,0,0,0,0,,,0
559,2020,193,25,15,18,,0,0,0,0,0,0,0,0,0,0,0,0,0,0,,,0
558,2020,192,24,13,17,,0,0,0,0,0,0,0,0,0,0,0,0,0,0,,,0
557,2020,191,23,13,16,,0,0,0,0,0,0,0,0,0,0,0,0,0,0,,,0
556,2020,190,22,13,14,,0,0,0,0,0,0,0,0,0,0,0,0,0,0,,,0
555,2020,189,21,13,14,,0,0,0,0,0,0,0,0,0,0,0,0,0,0,,,0
554,2020,188,20,13,14,,0,0,0,0,0,0,0,0,0,0,0,0,0,0,,,0
553,2020,187,19,13,14,,0,0,0,0,0,0,0,0,0,0,0,0,0,0,,,0
552,2020,186,18,15,18,,0,0,0,0,0,0,0,0,0,0,0,0,0,0,,,0
551,2020,185,17,13,17,,0,0,0,0,0,0,0,0,0,0,0,0,0,0,,,0
550,2020,184,16,13,16,,0,0,0,0,0,0,0,0,0,0,0,0,0,0,,,0
549,2020,183,15,13,14,,0,0,0,0,0,0,0,0,0,0,0,0,0,0,,,0
548,2020,182,14,13,14,,0,0,0,0,0,0,0,0,0,0,0,0,0,0,,,0
547,2020,181,13,13,14,,0,0,0,0,0,0,0,0,0,0,0,0,0,0,,,0
546,2020,180,12,13,14,,0,0,0,0,0,0,0,0,0,0,0,0,0,0,,,0
545,2020,179,11,15,19,,0,0,0,0,0,0,0,0,0,0,0,0,0,0,,,0
544,2020,178,10,13,17,,0,0,0,0,0,0,0,0,0,0,0,0,0,0,,,0
543,2020,177,9,13,16,,0,0,0,0,0,0,0,0,0,0,0,0,0,0,,,0
542,2020,176,8,13,14,,0,0,0,0,0,0,0,0,0,0,0,0,0,0,,,0
541,2020,175,7,13,14,,0,0,0,0,0,0,0,0,0,0,0,0,0,0,,,0
540,2020,174,6,13,14,,0,0,0,0,0,0,0,0,0,0,0,0,0,0,,,0
539,2020,173,5,13,14,,0,0,0,0,0,0,0,0,0,0,0,0,0,0,,,0
538,2020,172,4,15,18,,0,0,0,0,0,0,0,0,0,0,0,0,0,0,,,0
537,2020,171,3,13,17,,0,0,0,0,0,0,0,0,0,0,0,0,0,0,,,0
536,2020,170,2,13,16,,0,0,0,0,0,0,0,0,0,0,0,0,0,0,,,0
535,2020,169,1,13,14,,0,0,0,0,0,0,0,0,0,0,0,0,0,0,,,0
534,2020,168,29,13,14,,0,0,0,0,0,0,0,0,0,0,0,0,0,0,,,0
533,2020,167,28,13,14,,0,0,0,0,0,0,0,0,0,0,0,0,0,0,,,0
532,2020,166,27,13,14,,0,0,0,0,0,0,0,0,0,0,0,0,0,0,,,0
531,2020,165,26,15,18,,0,0,0,0,0,0,0,0,0,0,0,0,0,0,,,0
530,2020,164,25,13,17,,0,0,0,0,0,0,0,0,0,0,0,0,0,0,,,0
529,2020,163,24,13,16,,0,0,0,0,0,0,0,0,0,0,0,0,0,0,,,0
528,2020,162,23,13,14,,0,0,0,0,0,0,0,0,0,0,0,0,0,0,,,0
527,2020,161,22,13,14,,0,0,0,0,0,0,0,0,0,0,0,0,0,0,,,0
526,2020,160,21,13,14,,0,0,0,0,0,0,0,0,0,0,0,0,0,0,,,0
525,2020,159,20,13,14,,0,0,0,0,0,0,0,0,0,0,0,0,0,0,,,0
524,2020,158,19,15,18,,0,0,0,0,0,0,0,0,0,0,0,0,0,0,,,0
523,2020,157,18,13,17,,0,0,0,0,0,0,0,0,0,0,0,0,0,0,,,0
522,2020,156,17,13,16,,0,0,0,0,0,0,0,0,0,0,0,0,0,0,,,0
521,2020,155,16,13,14,,0,0,0,0,0,0,0,0,0,0,0,0,0,0,,,0
520,2020,154,15,13,14,,0,0,0,0,0,0,0,0,0,0,0,0,0,0,,,0
519,2020,153,14,13,14,,0,0,0,0,0,0,0,0,0,0,0,0,0,0,,,0
518,2020,152,13,13,14,,0,0,0,0,0,0,0,0,0,0,0,0,0,0,,,0
517,2020,151,12,15,18,,0,0,0,0,0,0,0,0,0,0,0,0,0,0,,,0
516,2020,150,11,13,17,,0,0,0,0,0,0,0,0,0,0,0,0,0,0,,,0
515,2020,149,10,13,16,,0,0,0,0,0,0,0,0,0,0,0,0,0,0,,,0
514,2020,148,9,13,14,,0,0,0,0,0,0,0,0,0,0,0,0,0,0,,,0
513,2020,147,8,13,14,,0,0,0,0,0,0,0,0,0,0,0,0,0,0,,,0
512,2020,146,7,13,14,,0,0,0,0,0,0,0,0,0,0,0,0,0,0,,,0
511,2020,145,6,13,14,,0,0,0,0,0,0,0,0,0,0,0,0,0,0,,,0
510,2020,144,5,15,18,,0,0,0,0,0,0,0,0,0,0,0,0,0,0,,,0
509,2020,143,4,13,17,,0,0,0,0,0,0,0,0,0,0,0,0,0,0,,,0
508,2020,142,3,13,16,,0,0,0,0,0,0,0,0,0,0,0,0,0,0,,,0
507,2020,141,2,13,14,,0,0,0,0,0,0,0,0,0,0,0,0,0,0,,,0
506,2020,140,1,13,14,,0,0,0,0,0,0,0,0,0,0,0,0,0,0,,,0
505,2020,139,29,13,14,,0,0,0,0,0,0,0,0,0,0,0,0,0,0,,,0
504,2020,138,28,13,14,,0,0,0,0,0,0,0,0,0,0,0,0,0,0,,,0
503,2020,137,27,15,18,,0,0,0,0,0,0,0,0,0,0,0,0,0,0,,,0
502,2020,136,26,13,17,,0,0,0,0,0,0,0,0,0,0,0,0,0,0,,,0
501,2020,135,25,13,16,,0,0,0,0,0,0,0,0,0,0,0,0,0,0,,,0
500,2020,134,24,13,14,,0,0,0,0,0,0,0,0,0,0,0,0,0,0,,,0
499,2020,133,23,13,14,,0,0,0,0,0,0,0,0,0,0,0,0,0,0,,,0
498,2020,132,22,13,14,,0,0,0,0,0,0,0,0,0,0,0,0,0,0,,,0
497,2020,131,21,13,14,,0,0,0,0,0,0,0,0,0,0,0,0,0,0,,,0
496,2020,130,20,15,18,,0,0,0,0,0,0,0,0,0,0,0,0,0,0,,,0
495,2020,129,19,13,17,,0,0,0,0,0,0,0,0,0,0,0,0,0,0,,,0
494,2020,128,18,13,16,,0,0,0,0,0,0,0,0,0,0,0,0,0,0,,,0
493,2020,127,17,13,14,,0,0,0,0,0,0,0,0,0,0,0,0,0,0,,,0
492,2020,126,16,13,14,,0,0,0,0,0,0,0,0,0,0,0,0,0,0,,,0
491,2020,125,15,13,14,,0,0,0,0,0,0,0,0,0,0,0,0,0,0,,,0
490,2020,124,14,13,14,,0,0,0,0,0,0,0,0,0,0,0,0,0,0,,,0
489,2020,123,13,15,18,,0,0,0,0,0,0,0,0,0,0,0,0,0,0,,,0
488,2020,122,12,13,17,,0,0,0,0,0,0,0,0,0,0,0,0,0,0,,,0
487,2020,121,11,13,16,,0,0,0,0,0,0,0,0,0,0,0,0,0,0,,,0
486,2020,120,10,13,14,,0,0,0,0,0,0,0,0,0,0,0,0,0,0,,,0
485,2020,119,9,13,14,,0,0,0,0,0,0,0,0,0,0,0,0,0,0,,,0
484,2020,118,8,13,14,,0,0,0,0,0,0,0,0,0,0,0,0,0,0,,,0
483,2020,117,7,13,14,,0,0,0,0,0,0,0,0,0,0,0,0,0,0,,,0
482,2020,116,6,15,19,,0,0,0,0,0,0,0,0,0,0,0,0,0,0,,,0
481,2020,115,5,13,17,,0,0,0,0,0,0,0,0,0,0,0,0,0,0,,,0
480,2020,114,4,13,16,,0,0,0,0,0,0,0,0,0,0,0,0,0,0,,,0
479,2020,113,3,13,14,,0,0,0,0,0,0,0,0,0,0,0,0,0,0,,,0
478,2020,112,2,13,14,,0,0,0,0,0,0,0,0,0,0,0,0,0,0,,,0
477,2020,111,1,13,14,,0,0,0,0,0,0,0,0,0,0,0,0,0,0,,,0
476,2020,110,29,13,14,,0,0,0,0,0,0,0,0,0,0,0,0,0,0,,,0
475,2020,109,28,15,18,,0,0,0,0,0,0,0,0,0,0,0,0,0,0,,,0
474,2020,108,27,13,17,,0,0,0,0,0,0,0,0,0,0,0,0,0,0,,,0
473,2020,107,26,13,16,,0,0,0,0,0,0,0,0,0,0,0,0,0,0,,,0
472,2020,106,25,13,14,,0,0,0,0,0,0,0,0,0,0,0,0,0,0,,,0
471,2020,105,24,13,14,,0,0,0,0,0,0,0,0,0,0,0,0,0,0,,,0
470,2020,104,23,13,14,,0,0,0,0,0,0,0,0,0,0,0,0,0,0,,,0
469,2020,103,22,13,14,,0,0,0,0,0,0,0,0,0,0,0,0,0,0,,,0
468,2020,102,21,15,18,,0,0,0,0,0,0,0,0,0,0,0,0,0,0,,,0
467,2020,101,20,13,17,,0,0,0,0,0,0,0,0,0,0,0,0,0,0,,,0
466,2020,100,19,13,16,,0,0,0,0,0,0,0,0,0,0,0,0,0,0,,,0
465,2020,99,18,13,14,,0,0,0,0,0,0,0,0,0,0,0,0,0,0,,,0
464,2020,98,17,13,14,,0,0,0,0,0,0,0,0,0,0,0,0,0,0,,,0
463,2020,97,16,13,14,,0,0,0,0,0,0,0,0,0,0,0,0,0,0,,,0
462,2020,96,15,13,14,,0,0,0,0,0,0,0,0,0,0,0,0,0,0,,,0
461,2020,95,14,15,18,,0,0,0,0,0,0,0,0,0,0,0,0,0,0,,,0
460,2020,94,13,13,17,,0,0,0,0,0,0,0,0,0,0,0,0,0,0,,,0
459,2020,93,12,13,16,,0,0,0,0,0,0,0,0,0,0,0,0,0,0,,,0
458,2020,92,11,13,14,,0,0,0,0,0,0,0,0,0,0,0,0,0,0,,,0
457,2020,91,10,13,14,,0,0,0,0,0,0,0,0,0,0,0,0,0,0,,,0
456,2020,90,9,13,14,,0,0,0,0,0,0,0,0,0,0,0,0,0,0,,,0
455,2020,89,8,13,14,,0,0,0,0,0,0,0,0,0,0,0,0,0,0,,,0
454,2020,88,7,15,19,,0,0,0,0,0,0,0,0,0,0,0,0,0,0,,,0
453,2020,87,6,13,17,,0,0,0,0,0,0,0,0,0,0,0,0,0,0,,,0
452,2020,86,5,13,16,,0,0,0,0,0,0,0,0,0,0,0,0,0,0,,,0
451,2020,85,4,13,14,,0,0,0,0,0,0,0,0,0,0,0,0,0,0,,,0
450,2020,84,3,13,14,,0,0,0,0,0,0,0,0,0,0,0,0,0,0,,,0
449,2020,83,2,13,14,,0,0,0,0,0,0,0,0,0,0,0,0,0,0,,,0
448,2020,82,1,13,14,,0,0,0,0,0,0,0,0,0,0,0,0,0,0,,,0
447,2020,81,29,15,18,,0,0,0,0,0,0,0,0,0,0,0,0,0,0,,,0
446,2020,80,28,13,17,,0,0,0,0,0,0,0,0,0,0,0,0,0,0,,,0
445,2020,79,27,13,16,,0,0,0,0,0,0,0,0,0,0,0,0,0,0,,,0
444,2020,78,26,13,14,,0,0,0,0,0,0,0,0,0,0,0,0,0,0,,,0
443,2020,77,25,13,14,,0,0,0,0,0,0,0,0,0,0,0,0,0,0,,,0
442,2020,76,24,13,14,,0,0,0,0,0,0,0,0,0,0,0,0,0,0,,,0
441,2020,75,23,13,14,,0,0,0,0,0,0,0,0,0,0,0,0,0,0,,,0
440,2020,74,22,15,18,,0,0,0,0,0,0,0,0,0,0,0,0,0,0,,,0
439,2020,73,21,13,17,,0,0,0,0,0,0,0,0,0,0,0,0,0,0,,,0
438,2020,72,20,13,16,,0,0,0,0,0,0,0,0,0,0,0,0,0,0,,,0
437,2020,71,19,13,14,,0,0,0,0,0,0,0,0,0,0,0,0,0,0,,,0
436,2020,70,18,13,14,,0,0,0,0,0,0,0,0,0,0,0,0,0,0,,,0
435,2020,69,17,13,14,,0,0,0,0,0,0,0,0,0,0,0,0,0,0,,,0
434,2020,68,16,13,14,,0,0,0,0,0,0,0,0,0,0,0,0,0,0,,,0
433,2020,67,15,15,18,,0,0,0,0,0,0,0,0,0,0,0,0,0,0,,,0
432,2020,66,14,13,17,,0,0,0,0,0,0,0,0,0,0,0,0,0,0,,,0
431,2020,65,13,13,16,,0,0,0,0,0,0,0,0,0,0,0,0,0,0,,,0
430,2020,64,12,13,14,,0,0,0,0,0,0,0,0,0,0,0,0,0,0,,,0
429,2020,63,11,13,14,,0,0,0,0,0,0,0,0,0,0,0,0,0,0,,,0
428,2020,62,10,13,14,,0,0,0,0,0,0,0,0,0,0,0,0,0,0,,,0
427,2020,61,9,13,14,,0,0,0,0,0,0,0,0,0,0,0,0,0,0,,,0
426,2020,60,8,15,18,,0,0,0,0,0,0,0,0,0,0,0,0,0,0,,,0
425,2020,59,7,13,17,,0,0,0,0,0,0,0,0,0,0,0,0,0,0,,,0
424,2020,58,6,13,16,,0,0,0,0,0,0,0,0,0,0,0,0,0,0,,,0
423,2020,57,5,13,14,,0,0,0,0,0,0,0,0,0,0,0,0,0,0,,,0
422,2020,56,4,13,14,,0,0,0,0,0,0,0,0,0,0,0,0,0,0,,,0
421,2020,55,3,13,14,,0,0,0,0,0,0,0,0,0,0,0,0,0,0,,,0
420,2020,54,2,13,14,,0,0,0,0,0,0,0,0,0,0,0,0,0,0,,,0
419,2020,53,1,15,19,,0,0,0,0,0,0,0,0,0,0,0,0,0,0,,,0
418,2020,52,29,13,17,,0,0,0,0,0,0,0,0,0,0,0,0,0,0,,,0
417,2020,51,28,13,16,,0,0,0,0,0,0,0,0,0,0,0,0,0,0,,,0
416,2020,50,27,13,14,,0,0,0,0,0,0,0,0,0,0,0,0,0,0,,,0
415,2020,49,26,13,14,,0,0,0,0,0,0,0,0,0,0,0,0,0,0,,,0
414,2020,48,25,13,14,,0,0,0,0,0,0,0,0,0,0,0,0,0,0,,,0
413,2020,47,24,13,14,,0,0,0,0,0,0,0,0,0,0,0,0,0,0,,,0
412,2020,46,23,15,18,,0,0,0,0,0,0,0,0,0,0,0,0,0,0,,,0
411,2020,45,22,13,17,,0,0,0,0,0,0,0,0,0,0,0,0,0,0,,,0
410,2020,44,21,13,16,,0,0,0,0,0,0,0,0,0,0,0,0,0,0,,,0
409,2020,43,20,13,14,,0,0,0,0,0,0,0,0,0,0,0,0,0,0,,,0
408,2020,42,19,13,14,,0,0,0,0,0,0,0,0,0,0,0,0,0,0,,,0
407,2020,41,18,13,14,,0,0,0,0,0,0,0,0,0,0,0,0,0,0,,,0
406,2020,40,17,13,14,,0,0,0,0,0,0,0,0,0,0,0,0,0,0,,,0
405,2020,39,16,15,18,,0,0,0,0,0,0,0,0,0,0,0,0,0,0,,,0
404,2020,38,15,13,17,,0,0,0,0,0,0,0,0,0,0,0,0,0,0,,,0
403,2020,37,14,13,16,,0,0,0,0,0,0,0,0,0,0,0,0,0,0,,,0
402,2020,36,13,13,14,,0,0,0,0,0,0,0,0,0,0,0,0,0,0,,,0
401,2020,35,12,13,14,,0,0,0,0,0,0,0,0,0,0,0,0,0,0,,,0
400,2020,34,11,13,14,,0,0,0,0,0,0,0,0,0,0,0,0,0,0,,,0
399,2020,33,10,13,14,,0,0,0,0,0,0,0,0,0,0,0,0,0,0,,,0
398,2020,32,9,15,18,,0,0,0,0,0,0,0,0,0,0,0,0,0,0,,,0
397,2020,31,8,13,17,,0,0,0,0,0,0,0,0,0,0,0,0,0,0,,,0
396,2020,30,7,13,16,,0,0,0,0,0,0,0,0,0,0,0,0,0,0,,,0
395,2020,29,6,13,14,,0,0,0,0,0,0,0,0,0,0,0,0,0,0,,,0
394,2020,28,5,13,14,,0,0,0,0,0,0,0,0,0,0,0,0,0,0,,,0
393,2020,27,4,13,14,,0,0,0,0,0,0,0,0,0,0,0,0,0,0,,,0
392,2020,26,3,13,14,,0,0,0,0,0,0,0,0,0,0,0,0,0,0,,,0
391,2020,25,2,15,19,,0,0,0,0,0,0,0,0,0,0,0,0,0,0,,,0
390,2020,24,1,13,17,,0,0,0,0,0,0,0,0,0,0,0,0,0,0,,,0
389,2020,23,29,13,16,,0,0,0,0,0,0,0,0,0,0,0,0,0,0,,,0
388,2020,22,28,13,14,,0,0,0,0,0,0,0,0,0,0,0,0,0,0,,,0
387,2020,21,27,13,14,,0,0,0,0,0,0,0,0,0,0,0,0,0,0,,,0
386,2020,20,26,13,14,,0,0,0,0,0,0,0,0,0,0,0,0,0,0,,,0
385,2020,19,25,13,14,,0,0,0,0,0,0,0,0,0,0,0,0,0,0,,,0
384,2020,18,24,15,18,,0,0,0,0,0,0,0,0,0,0,0,0,0,0,,,0
383,2020,17,23,13,17,,0,0,0,0,0,0,0,0,0,0,0,0,0,0,,,0
382,2020,16,22,13,16,,0,0,0,0,0,0,0,0,0,0,0,0,0,0,,,0
381,2020,15,21,13,14,,0,0,0,0,0,0,0,0,0,0,0,0,0,0,,,0
380,2020,14,20,13,14,,0,0,0,0,0,0,0,0,0,0,0,0,0,0,,,0
379,2020,13,19,13,14,,0,0,0,0,0,0,0,0,0,0,0,0,0,0,,,0
378,2020,12,18,13,14,,0,0,0,0,0,0,0,0,0,0,0,0,0,0,,,0
377,2020,11,17,15,18,,0,0,0,0,0,0,0,0,0,0,0,0,0,0,,,0
376,2020,10,16,13,17,,0,0,0,0,0,0,0,0,0,0,0,0,0,0,,,0
375,2020,9,15,13,16,,0,0,0,0,0,0,0,0,0,0,0,0,0,0,,,0
374,2020,8,14,13,14,,0,0,0,0,0,0,0,0,0,0,0,0,0,0,,,0
373,2020,7,13,13,14,,0,0,0,0,0,0,0,0,0,0,0,0,0,0,,,0
372,2020,6,12,13,14,,0,0,0,0,0,0,0,0,0,0,0,0,0,0,,,0
371,2020,5,11,13,14,,0,0,0,0,0,0,0,0,0,0,0,0,0,0,,,0
370,2020,4,10,15,18,,0,0,0,0,0,0,0,0,0,0,0,0,0,0,,,0
369,2020,3,9,13,17,,0,0,0,0,0,0,0,0,0,0,0,0,0,0,,,0
368,2020,2,8,13,16,,0,0,0,0,0,0,0,0,0,0,0,0,0,0,,,0
367,2020,1,7,13,14,,0,0,0,0,0,0,0,0,0,0,0,0,0,0,,,0
366,2020,0,6,13,14,,0,0,0,0,0,0,0,0,0,0,0,0,0,0,,,0
365,2019,364,20,13,14,,0,0,0,0,0,0,0,0,0,0,0,0,0,0,,,0
364,2019,363,21,13,14,,0,0,0,0,0,0,0,0,0,0,0,0,0,0,,,0
363,2019,362,20,15,19,,0,0,0,0,0,0,0,0,0,0,0,0,0,0,,,0
362,2019,361,19,13,17,,0,0,0,0,0,0,0,0,0,0,0,0,0,0,,,0
361,2019,360,18,13,16,,0,0,0,0,0,0,0,0,0,0,0,0,0,0,,,0
360,2019,359,17,13,14,,0,0,0,0,0,0,0,0,0,0,0,0,0,0,,,0
359,2019,358,16,13,14,,0,0,0,0,0,0,0,0,0,0,0,0,0,0,,,0
358,2019,357,15,13,14,,0,0,0,0,0,0,0,0,0,0,0,0,0,0,,,0
357,2019,356,14,13,14,,0,0,0,0,0,0,0,0,0,0,0,0,0,0,,,0
356,2019,355,13,15,18,,0,0,0,0,0,0,0,0,0,0,0,0,0,0,,,0
355,2019,354,12,13,17,,0,0,0,0,0,0,0,0,0,0,0,0,0,0,,,0
354,2019,353,11,13,16,,0,0,0,0,0,0,0,0,0,0,0,0,0,0,,,0
353,2019,352,10,13,14,,0,0,0,0,0,0,0,0,0,0,0,0,0,0,,,0
352,2019,351,9,13,14,,0,0,0,0,0,0,0,0,0,0,0,0,0,0,,,0
351,2019,350,8,13,14,,0,0,0,0,0,0,0,0,0,0,0,0,0,0,,,0
350,2019,349,20,13,14,,0,0,0,0,0,0,0,0,0,0,0,0,0,0,,,0
349,2019,348,6,15,18,,0,0,0,0,0,0,0,0,0,0,0,0,0,0,,,0
348,2019,347,5,13,17,,0,0,0,0,0,0,0,0,0,0,0,0,0,0,,,0
347,2019,346,4,13,16,,0,0,0,0,0,0,0,0,0,0,0,0,0,0,,,0
346,2019,345,3,13,14,,0,0,0,0,0,0,0,0,0,0,0,0,0,0,,,0
345,2019,344,2,13,14,,0,0,0,0,0,0,0,0,0,0,0,0,0,0,,,0
344,2019,343,1,13,14,,0,0,0,0,0,0,0,0,0,0,0,0,0,0,,,0
343,2019,342,29,13,14,,0,0,0,0,0,0,0,0,0,0,0,0,0,0,,,0
342,2019,341,28,15,18,,0,0,0,0,0,0,0,0,0,0,0,0,0,0,,,0
341,2019,340,27,13,17,,0,0,0,0,0,0,0,0,0,0,0,0,0,0,,,0
340,2019,339,26,13,16,,0,0,0,0,0,0,0,0,0,0,0,0,0,0,,,0
339,2019,338,25,13,14,,0,0,0,0,0,0,0,0,0,0,0,0,0,0,,,0
338,2019,337,24,13,14,,0,0,0,0,0,0,0,0,0,0,0,0,0,0,,,0
337,2019,336,23,13,14,,0,0,0,0,0,0,0,0,0,0,0,0,0,0,,,0
336,2019,335,22,13,14,,0,0,0,0,0,0,0,0,0,0,0,0,0,0,,,0
335,2019,334,21,15,18,,0,0,0,0,0,0,0,0,0,0,0,0,0,0,,,0
334,2019,333,20,13,17,,0,0,0,0,0,0,0,0,0,0,0,0,0,0,,,0
333,2019,332,19,13,16,,0,0,0,0,0,0,0,0,0,0,0,0,0,0,,,0
332,2019,331,18,13,14,,0,0,0,0,0,0,0,0,0,0,0,0,0,0,,,0
331,2019,330,17,13,14,,0,0,0,0,0,0,0,0,0,0,0,0,0,0,,,0
330,2019,329,16,13,14,,0,0,0,0,0,0,0,0,0,0,0,0,0,0,,,0
329,2019,328,15,13,14,,0,0,0,0,0,0,0,0,0,0,0,0,0,0,,,0
328,2019,327,14,15,19,,0,0,0,0,0,0,0,0,0,0,0,0,0,0,,,0
327,2019,326,13,13,17,,0,0,0,0,0,0,0,0,0,0,0,0,0,0,,,0
326,2019,325,12,13,16,,0,0,0,0,0,0,0,0,0,0,0,0,0,0,,,0
325,2019,324,11,13,14,,0,0,0,0,0,0,0,0,0,0,0,0,0,0,,,0
324,2019,323,10,13,14,,0,0,0,0,0,0,0,0,0,0,0,0,0,0,,,0
323,2019,322,9,13,14,,0,0,0,0,0,0,0,0,0,0,0,0,0,0,,,0
322,2019,321,8,13,14,,0,0,0,0,0,0,0,0,0,0,0,0,0,0,,,0
321,2019,320,7,15,18,,0,0,0,0,0,0,0,0,0,0,0,0,0,0,,,0
320,2019,319,6,13,17,,0,0,0,0,0,0,0,0,0,0,0,0,0,0,,,0
319,2019,318,5,13,16,,0,0,0,0,0,0,0,0,0,0,0,0,0,0,,,0
318,2019,317,4,13,14,,0,0,0,0,0,0,0,0,0,0,0,0,0,0,,,0
317,2019,316,3,13,14,,0,0,0,0,0,0,0,0,0,0,0,0,0,0,,,0
316,2019,315,2,13,14,,0,0,0,0,0,0,0,0,0,0,0,0,0,0,,,0
315,2019,314,1,13,14,,0,0,0,0,0,0,0,0,0,0,0,0,0,0,,,0
314,2019,313,29,15,18,,0,0,0,0,0,0,0,0,0,0,0,0,0,0,,,0
313,2019,312,28,13,17,,0,0,0,0,0,0,0,0,0,0,0,0,0,0,,,0
312,2019,311,27,13,16,,0,0,0,0,0,0,0,0,0,0,0,0,0,0,,,0
311,2019,310,26,13,14,,0,0,0,0,0,0,0,0,0,0,0,0,0,0,,,0
310,2019,309,25,13,14,,0,0,0,0,0,0,0,0,0,0,0,0,0,0,,,0
309,2019,308,24,13,14,,0,0,0,0,0,0,0,0,0,0,0,0,0,0,,,0
308,2019,307,23,13,14,,0,0,0,0,0,0,0,0,0,0,0,0,0,0,,,0
307,2019,306,22,15,18,,0,0,0,0,0,0,0,0,0,0,0,0,0,0,,,0
306,2019,305,21,13,17,,0,0,0,0,0,0,0,0,0,0,0,0,0,0,,,0
305,2019,304,20,13,16,,0,0,0,0,0,0,0,0,0,0,0,0,0,0,,,0
304,2019,303,19,13,14,,0,0,0,0,0,0,0,0,0,0,0,0,0,0,,,0
303,2019,302,18,13,14,,0,0,0,0,0,0,0,0,0,0,0,0,0,0,,,0
302,2019,301,17,13,14,,0,0,0,0,0,0,0,0,0,0,0,0,0,0,,,0
301,2019,300,16,13,14,,0,0,0,0,0,0,0,0,0,0,0,0,0,0,,,0
300,2019,299,15,15,19,,0,0,0,0,0,0,0,0,0,0,0,0,0,0,,,0
299,2019,298,14,13,17,,0,0,0,0,0,0,0,0,0,0,0,0,0,0,,,0
298,2019,297,13,13,16,,0,0,0,0,0,0,0,0,0,0,0,0,0,0,,,0
297,2019,296,12,13,14,,0,0,0,0,0,0,0,0,0,0,0,0,0,0,,,0
296,2019,295,11,13,14,,0,0,0,0,0,0,0,0,0,0,0,0,0,0,,,0
295,2019,294,10,13,14,,0,0,0,0,0,0,0,0,0,0,0,0,0,0,,,0
294,2019,293,9,13,14,,0,0,0,0,0,0,0,0,0,0,0,0,0,0,,,0
293,2019,292,8,15,18,,0,0,0,0,0,0,0,0,0,0,0,0,0,0,,,0
292,2019,291,7,13,17,,0,0,0,0,0,0,0,0,0,0,0,0,0,0,,,0
291,2019,290,6,13,16,,0,0,0,0,0,0,0,0,0,0,0,0,0,0,,,0
290,2019,289,5,13,14,,0,0,0,0,0,0,0,0,0,0,0,0,0,0,,,0
289,2019,288,4,13,14,,0,0,0,0,0,0,0,0,0,0,0,0,0,0,,,0
288,2019,287,3,13,14,,0,0,0,0,0,0,0,0,0,0,0,0,0,0,,,0
287,2019,286,2,13,14,,0,0,0,0,0,0,0,0,0,0,0,0,0,0,,,0
286,2019,285,1,15,18,,0,0,0,0,0,0,0,0,0,0,0,0,0,0,,,0
285,2019,284,29,13,17,,0,0,0,0,0,0,0,0,0,0,0,0,0,0,,,0
284,2019,283,28,13,16,,0,0,0,0,0,0,0,0,0,0,0,0,0,0,,,0
283,2019,282,27,13,14,,0,0,0,0,0,0,0,0,0,0,0,0,0,0,,,0
282,2019,281,26,13,14,,0,0,0,0,0,0,0,0,0,0,0,0,0,0,,,0
281,2019,280,25,13,14,,0,0,0,0,0,0,0,0,0,0,0,0,0,0,,,0
280,2019,279,24,13,14,,0,0,0,0,0,0,0,0,0,0,0,0,0,0,,,0
279,2019,278,23,15,18,,0,0,0,0,0,0,0,0,0,0,0,0,0,0,,,0
278,2019,277,22,13,17,,0,0,0,0,0,0,0,0,0,0,0,0,0,0,,,0
277,2019,276,21,13,16,,0,0,0,0,0,0,0,0,0,0,0,0,0,0,,,0
276,2019,275,20,13,14,,0,0,0,0,0,0,0,0,0,0,0,0,0,0,,,0
275,2019,274,19,13,14,,0,0,0,0,0,0,0,0,0,0,0,0,0,0,,,0
274,2019,273,18,13,14,,0,0,0,0,0,0,0,0,0,0,0,0,0,0,,,0
273,2019,272,17,13,14,,0,0,0,0,0,0,0,0,0,0,0,0,0,0,,,0
272,2019,271,16,15,19,,0,0,0,0,0,0,0,0,0,0,0,0,0,0,,,0
271,2019,270,15,13,17,,0,0,0,0,0,0,0,0,0,0,0,0,0,0,,,0
270,2019,269,14,13,16,,0,0,0,0,0,0,0,0,0,0,0,0,0,0,,,0
269,2019,268,13,13,14,,0,0,0,0,0,0,0,0,0,0,0,0,0,0,,,0
268,2019,267,12,13,14,,0,0,0,0,0,0,0,0,0,0,0,0,0,0,,,0
267,2019,266,11,13,14,,0,0,0,0,0,0,0,0,0,0,0,0,0,0,,,0
266,2019,265,10,13,14,,0,0,0,0,0,0,0,0,0,0,0,0,0,0,,,0
265,2019,264,9,15,18,,0,0,0,0,0,0,0,0,0,0,0,0,0,0,,,0
264,2019,263,8,13,17,,0,0,0,0,0,0,0,0,0,0,0,0,0,0,,,0
263,2019,262,7,13,16,,0,0,0,0,0,0,0,0,0,0,0,0,0,0,,,0
262,2019,261,6,13,14,,0,0,0,0,0,0,0,0,0,0,0,0,0,0,,,0
261,2019,260,5,13,14,,0,0,0,0,0,0,0,0,0,0,0,0,0,0,,,0
260,2019,259,4,13,14,,0,0,0,0,0,0,0,0,0,0,0,0,0,0,,,0
259,2019,258,3,13,14,,0,0,0,0,0,0,0,0,0,0,0,0,0,0,,,0
258,2019,257,2,15,18,,0,0,0,0,0,0,0,0,0,0,0,0,0,0,,,0
257,2019,256,1,13,17,,0,0,0,0,0,0,0,0,0,0,0,0,0,0,,,0
256,2019,255,29,13,16,,0,0,0,0,0,0,0,0,0,0,0,0,0,0,,,0
255,2019,254,28,13,14,,0,0,0,0,0,0,0,0,0,0,0,0,0,0,,,0
254,2019,253,27,13,14,,0,0,0,0,0,0,0,0,0,0,0,0,0,0,,,0
253,2019,252,26,13,14,,0,0,0,0,0,0,0,0,0,0,0,0,0,0,,,0
252,2019,251,25,13,14,,0,0,0,0,0,0,0,0,0,0,0,0,0,0,,,0
251,2019,250,24,15,18,,0,0,0,0,0,0,0,0,0,0,0,0,0,0,,,0
250,2019,249,23,13,17,,0,0,0,0,0,0,0,0,0,0,0,0,0,0,,,0
249,2019,248,22,13,16,,0,0,0,0,0,0,0,0,0,0,0,0,0,0,,,0
248,2019,247,21,13,14,,0,0,0,0,0,0,0,0,0,0,0,0,0,0,,,0
247,2019,246,20,13,14,,0,0,0,0,0,0,0,0,0,0,0,0,0,0,,,0
246,2019,245,19,13,14,,0,0,0,0,0,0,0,0,0,0,0,0,0,0,,,0
245,2019,244,18,13,14,,0,0,0,0,0,0,0,0,0,0,0,0,0,0,,,0
244,2019,243,17,15,18,,0,0,0,0,0,0,0,0,0,0,0,0,0,0,,,0
243,2019,242,16,13,17,,0,0,0,0,0,0,0,0,0,0,0,0,0,0,,,0
242,2019,241,15,13,16,,0,0,0,0,0,0,0,0,0,0,0,0,0,0,,,0
241,2019,240,14,13,14,,0,0,0,0,0,0,0,0,0,0,0,0,0,0,,,0
240,2019,239,13,13,14,,0,0,0,0,0,0,0,0,0,0,0,0,0,0,,,0
239,2019,238,12,13,14,,0,0,0,0,0,0,0,0,0,0,0,0,0,0,,,0
238,2019,237,11,13,14,,0,0,0,0,0,0,0,0,0,0,0,0,0,0,,,0
237,2019,236,10,15,19,,0,0,0,0,0,0,0,0,0,0,0,0,0,0,,,0
236,2019,235,9,13,17,,0,0,0,0,0,0,0,0,0,0,0,0,0,0,,,0
235,2019,234,8,13,16,,0,0,0,0,0,0,0,0,0,0,0,0,0,0,,,0
234,2019,233,7,13,14,,0,0,0,0,0,0,0,0,0,0,0,0,0,0,,,0
233,2019,232,6,13,14,,0,0,0,0,0,0,0,0,0,0,0,0,0,0,,,0
232,2019,231,5,13,14,,0,0,0,0,0,0,0,0,0,0,0,0,0,0,,,0
231,2019,230,4,13,14,,0,0,0,0,0,0,0,0,0,0,0,0,0,0,,,0
230,2019,229,3,15,18,,0,0,0,0,0,0,0,0,0,0,0,0,0,0,,,0
229,2019,228,2,13,17,,0,0,0,0,0,0,0,0,0,0,0,0,0,0,,,0
228,2019,227,1,13,16,,0,0,0,0,0,0,0,0,0,0,0,0,0,0,,,0
227,2019,226,29,13,14,,0,0,0,0,0,0,0,0,0,0,0,0,0,0,,,0
226,2019,225,28,13,14,,0,0,0,0,0,0,0,0,0,0,0,0,0,0,,,0
225,2019,224,27,13,14,,0,0,0,0,0,0,0,0,0,0,0,0,0,0,,,0
224,2019,223,26,13,14,,0,0,0,0,0,0,0,0,0,0,0,0,0,0,,,0
223,2019,222,25,15,18,,0,0,0,0,0,0,0,0,0,0,0,0,0,0,,,0
222,2019,221,24,13,17,,0,0,0,0,0,0,0,0,0,0,0,0,0,0,,,0
221,2019,220,23,13,16,,0,0,0,0,0,0,0,0,0,0,0,0,0,0,,,0
220,2019,219,22,13,14,,0,0,0,0,0,0,0,0,0,0,0,0,0,0,,,0
219,2019,218,21,13,14,,0,0,0,0,0,0,0,0,0,0,0,0,0,0,,,0
218,2019,217,20,13,14,,0,0,0,0,0,0,0,0,0,0,0,0,0,0,,,0
217,2019,216,19,13,14,,0,0,0,0,0,0,0,0,0,0,0,0,0,0,,,0
216,2019,215,18,15,18,,0,0,0,0,0,0,0,0,0,0,0,0,0,0,,,0
215,2019,214,17,13,17,,0,0,0,0,0,0,0,0,0,0,0,0,0,0,,,0
214,2019,213,16,13,16,,0,0,0,0,0,0,0,0,0,0,0,0,0,0,,,0
213,2019,212,15,13,14,,0,0,0,0,0,0,0,0,0,0,0,0,0,0,,,0
212,2019,211,14,13,14,,0,0,0,0,0,0,0,0,0,0,0,0,0,0,,,0
211,2019,210,13,13,14,,0,0,0,0,0,0,0,0,0,0,0,0,0,0,,,0
210,2019,209,12,13,14,,0,0,0,0,0,0,0,0,0,0,0,0,0,0,,,0
209,2019,208,11,15,19,,0,0,0,0,0,0,0,0,0,0,0,0,0,0,,,0
208,2019,207,10,13,17,,0,0,0,0,0,0,0,0,0,0,0,0,0,0,,,0
207,2019,206,9,13,16,,0,0,0,0,0,0,0,0,0,0,0,0,0,0,,,0
206,2019,205,8,13,14,,0,0,0,0,0,0,0,0,0,0,0,0,0,0,,,0
205,2019,204,7,13,14,,0,0,0,0,0,0,0,0,0,0,0,0,0,0,,,0
204,2019,203,6,13,14,,0,0,0,0,0,0,0,0,0,0,0,0,0,0,,,0
203,2019,202,5,13,14,,0,0,0,0,0,0,0,0,0,0,0,0,0,0,,,0
202,2019,201,4,15,18,,0,0,0,0,0,0,0,0,0,0,0,0,0,0,,,0
201,2019,200,3,13,17,,0,0,0,0,0,0,0,0,0,0,0,0,0,0,,,0
200,2019,199,2,13,16,,0,0,0,0,0,0,0,0,0,0,0,0,0,0,,,0
199,2019,198,1,13,14,,0,0,0,0,0,0,0,0,0,0,0,0,0,0,,,0
198,2019,197,29,13,14,,0,0,0,0,0,0,0,0,0,0,0,0,0,0,,,0
197,2019,196,28,13,14,,0,0,0,0,0,0,0,0,0,0,0,0,0,0,,,0
196,2019,195,27,13,14,,0,0,0,0,0,0,0,0,0,0,0,0,0,0,,,0
195,2019,194,26,15,18,,0,0,0,0,0,0,0,0,0,0,0,0,0,0,,,0
194,2019,193,25,13,17,,0,0,0,0,0,0,0,0,0,0,0,0,0,0,,,0
193,2019,192,24,13,16,,0,0,0,0,0,0,0,0,0,0,0,0,0,0,,,0
192,2019,191,23,13,14,,0,0,0,0,0,0,0,0,0,0,0,0,0,0,,,0
191,2019,190,22,13,14,,0,0,0,0,0,0,0,0,0,0,0,0,0,0,,,0
190,2019,189,21,13,14,,0,0,0,0,0,0,0,0,0,0,0,0,0,0,,,0
189,2019,188,20,13,14,,0,0,0,0,0,0,0,0,0,0,0,0,0,0,,,0
188,2019,187,19,15,18,,0,0,0,0,0,0,0,0,0,0,0,0,0,0,,,0
187,2019,186,18,13,17,,0,0,0,0,0,0,0,0,0,0,0,0,0,0,,,0
186,2019,185,17,13,16,,0,0,0,0,0,0,0,0,0,0,0,0,0,0,,,0
185,2019,184,16,13,14,,0,0,0,0,0,0,0,0,0,0,0,0,0,0,,,0
184,2019,183,15,13,14,,0,0,0,0,0,0,0,0,0,0,0,0,0,0,,,0
183,2019,182,14,13,14,,0,0,0,0,0,0,0,0,0,0,0,0,0,0,,,0
182,2019,181,13,13,14,,0,0,0,0,0,0,0,0,0,0,0,0,0,0,,,0
181,2019,180,12,15,18,,0,0,0,0,0,0,0,0,0,0,0,0,0,0,,,0
180,2019,179,11,13,17,,0,0,0,0,0,0,0,0,0,0,0,0,0,0,,,0
179,2019,178,10,13,16,,0,0,0,0,0,0,0,0,0,0,0,0,0,0,,,0
178,2019,177,9,13,14,,0,0,0,0,0,0,0,0,0,0,0,0,0,0,,,0
177,2019,176,8,13,14,,0,0,0,0,0,0,0,0,0,0,0,0,0,0,,,0
176,2019,175,7,13,14,,0,0,0,0,0,0,0,0,0,0,0,0,0,0,,,0
175,2019,174,6,13,14,,0,0,0,0,0,0,0,0,0,0,0,0,0,0,,,0
174,2019,173,5,15,18,,0,0,0,0,0,0,0,0,0,0,0,0,0,0,,,0
173,2019,172,4,13,17,,0,0,0,0,0,0,0,0,0,0,0,0,0,0,,,0
172,2019,171,3,13,16,,0,0,0,0,0,0,0,0,0,0,0,0,0,0,,,0
171,2019,170,2,13,14,,0,0,0,0,0,0,0,0,0,0,0,0,0,0,,,0
170,2019,169,1,13,14,,0,0,0,0,0,0,0,0,0,0,0,0,0,0,,,0
169,2019,168,29,13,14,,0,0,0,0,0,0,0,0,0,0,0,0,0,0,,,0
168,2019,167,28,13,14,,0,0,0,0,0,0,0,0,0,0,0,0,0,0,,,0
167,2019,166,27,15,18,,0,0,0,0,0,0,0,0,0,0,0,0,0,0,,,0
166,2019,165,26,13,17,,0,0,0,0,0,0,0,0,0,0,0,0,0,0,,,0
165,2019,164,25,13,16,,0,0,0,0,0,0,0,0,0,0,0,0,0,0,,,0
164,2019,163,24,13,14,,0,0,0,0,0,0,0,0,0,0,0,0,0,0,,,0
163,2019,162,23,13,14,,0,0,0,0,0,0,0,0,0,0,0,0,0,0,,,0
162,2019,161,22,13,14,,0,0,0,0,0,0,0,0,0,0,0,0,0,0,,,0
161,2019,160,21,13,14,,0,0,0,0,0,0,0,0,0,0,0,0,0,0,,,0
160,2019,159,20,15,18,,0,0,0,0,0,0,0,0,0,0,0,0,0,0,,,0
159,2019,158,19,13,17,,0,0,0,0,0,0,0,0,0,0,0,0,0,0,,,0
158,2019,157,18,13,16,,0,0,0,0,0,0,0,0,0,0,0,0,0,0,,,0
157,2019,156,17,13,14,,0,0,0,0,0,0,0,0,0,0,0,0,0,0,,,0
156,2019,155,16,13,14,,0,0,0,0,0,0,0,0,0,0,0,0,0,0,,,0
155,2019,154,15,13,14,,0,0,0,0,0,0,0,0,0,0,0,0,0,0,,,0
154,2019,153,14,13,14,,0,0,0,0,0,0,0,0,0,0,0,0,0,0,,,0
153,2019,152,13,15,18,,0,0,0,0,0,0,0,0,0,0,0,0,0,0,,,0
152,2019,151,12,13,17,,0,0,0,0,0,0,0,0,0,0,0,0,0,0,,,0
151,2019,150,11,13,16,,0,0,0,0,0,0,0,0,0,0,0,0,0,0,,,0
150,2019,149,10,13,14,,0,0,0,0,0,0,0,0,0,0,0,0,0,0,,,0
149,2019,148,9,13,14,,0,0,0,0,0,0,0,0,0,0,0,0,0,0,,,0
148,2019,147,8,13,14,,0,0,0,0,0,0,0,0,0,0,0,0,0,0,,,0
147,2019,146,7,13,14,,0,0,0,0,0,0,0,0,0,0,0,0,0,0,,,0
146,2019,145,6,15,19,,0,0,0,0,0,0,0,0,0,0,0,0,0,0,,,0
145,2019,144,5,13,17,,0,0,0,0,0,0,0,0,0,0,0,0,0,0,,,0
144,2019,143,4,13,16,,0,0,0,0,0,0,0,0,0,0,0,0,0,0,,,0
143,2019,142,3,13,14,,0,0,0,0,0,0,0,0,0,0,0,0,0,0,,,0
142,2019,141,2,13,14,,0,0,0,0,0,0,0,0,0,0,0,0,0,0,,,0
141,2019,140,1,13,14,,0,0,0,0,0,0,0,0,0,0,0,0,0,0,,,0
140,2019,139,29,13,14,,0,0,0,0,0,0,0,0,0,0,0,0,0,0,,,0
139,2019,138,28,15,18,,0,0,0,0,0,0,0,0,0,0,0,0,0,0,,,0
138,2019,137,27,13,17,,0,0,0,0,0,0,0,0,0,0,0,0,0,0,,,0
137,2019,136,26,13,16,,0,0,0,0,0,0,0,0,0,0,0,0,0,0,,,0
136,2019,135,25,13,14,,0,0,0,0,0,0,0,0,0,0,0,0,0,0,,,0
135,2019,134,24,13,14,,0,0,0,0,0,0,0,0,0,0,0,0,0,0,,,0
134,2019,133,23,13,14,,0,0,0,0,0,0,0,0,0,0,0,0,0,0,,,0
133,2019,132,22,13,14,,0,0,0,0,0,0,0,0,0,0,0,0,0,0,,,0
132,2019,131,21,15,18,,0,0,0,0,0,0,0,0,0,0,0,0,0,0,,,0
131,2019,130,20,13,17,,0,0,0,0,0,0,0,0,0,0,0,0,0,0,,,0
130,2019,129,19,13,16,,0,0,0,0,0,0,0,0,0,0,0,0,0,0,,,0
129,2019,128,18,13,14,,0,0,0,0,0,0,0,0,0,0,0,0,0,0,,,0
128,2019,127,17,13,14,,0,0,0,0,0,0,0,0,0,0,0,0,0,0,,,0
127,2019,126,16,13,14,,0,0,0,0,0,0,0,0,0,0,0,0,0,0,,,0
126,2019,125,15,13,14,,0,0,0,0,0,0,0,0,0,0,0,0,0,0,,,0
125,2019,124,14,15,18,,0,0,0,0,0,0,0,0,0,0,0,0,0,0,,,0
124,2019,123,13,13,17,,0,0,0,0,0,0,0,0,0,0,0,0,0,0,,,0
123,2019,122,12,13,16,,0,0,0,0,0,0,0,0,0,0,0,0,0,0,,,0
122,2019,121,11,13,14,,0,0,0,0,0,0,0,0,0,0,0,0,0,0,,,0
121,2019,120,10,13,14,,0,0,0,0,0,0,0,0,0,0,0,0,0,0,,,0
120,2019,119,9,13,14,,0,0,0,0,0,0,0,0,0,0,0,0,0,0,,,0
119,2019,118,8,13,14,,0,0,0,0,0,0,0,0,0,0,0,0,0,0,,,0
118,2019,117,7,15,19,,0,0,0,0,0,0,0,0,0,0,0,0,0,0,,,0
117,2019,116,6,13,17,,0,0,0,0,0,0,0,0,0,0,0,0,0,0,,,0
116,2019,115,5,13,16,,0,0,0,0,0,0,0,0,0,0,0,0,0,0,,,0
115,2019,114,4,13,14,,0,0,0,0,0,0,0,0,0,0,0,0,0,0,,,0
114,2019,113,3,13,14,,0,0,0,0,0,0,0,0,0,0,0,0,0,0,,,0
113,2019,112,2,13,14,,0,0,0,0,0,0,0,0,0,0,0,0,0,0,,,0
112,2019,111,1,13,14,,0,0,0,0,0,0,0,0,0,0,0,0,0,0,,,0
111,2019,110,29,15,18,,0,0,0,0,0,0,0,0,0,0,0,0,0,0,,,0
110,2019,109,28,13,17,,0,0,0,0,0,0,0,0,0,0,0,0,0,0,,,0
109,2019,108,27,13,16,,0,0,0,0,0,0,0,0,0,0,0,0,0,0,,,0
108,2019,107,26,13,14,,0,0,0,0,0,0,0,0,0,0,0,0,0,0,,,0
107,2019,106,25,13,14,,0,0,0,0,0,0,0,0,0,0,0,0,0,0,,,0
106,2019,105,24,13,14,,0,0,0,0,0,0,0,0,0,0,0,0,0,0,,,0
105,2019,104,23,13,14,,0,0,0,0,0,0,0,0,0,0,0,0,0,0,,,0
104,2019,103,22,15,18,,0,0,0,0,0,0,0,0,0,0,0,0,0,0,,,0
103,2019,102,21,13,17,,0,0,0,0,0,0,0,0,0,0,0,0,0,0,,,0
102,2019,101,20,13,16,,0,0,0,0,0,0,0,0,0,0,0,0,0,0,,,0
101,2019,100,19,13,14,,0,0,0,0,0,0,0,0,0,0,0,0,0,0,,,0
100,2019,99,18,13,14,,0,0,0,0,0,0,0,0,0,0,0,0,0,0,,,0
99,2019,98,17,13,14,,0,0,0,0,0,0,0,0,0,0,0,0,0,0,,,0
98,2019,97,16,13,14,,0,0,0,0,0,0,0,0,0,0,0,0,0,0,,,0
97,2019,96,15,15,18,,0,0,0,0,0,0,0,0,0,0,0,0,0,0,,,0
96,2019,95,14,13,17,,0,0,0,0,0,0,0,0,0,0,0,0,0,0,,,0
95,2019,94,13,13,16,,0,0,0,0,0,0,0,0,0,0,0,0,0,0,,,0
94,2019,93,12,13,14,,0,0,0,0,0,0,0,0,0,0,0,0,0,0,,,0
93,2019,92,11,13,14,,0,0,0,0,0,0,0,0,0,0,0,0,0,0,,,0
92,2019,91,10,13,14,,0,0,0,0,0,0,0,0,0,0,0,0,0,0,,,0
91,2019,90,9,13,14,,0,0,0,0,0,0,0,0,0,0,0,0,0,0,,,0
90,2019,89,8,15,18,,0,0,0,0,0,0,0,0,0,0,0,0,0,0,,,0
89,2019,88,7,13,17,,0,0,0,0,0,0,0,0,0,0,0,0,0,0,,,0
88,2019,87,6,13,16,,0,0,0,0,0,0,0,0,0,0,0,0,0,0,,,0
87,2019,86,5,13,14,,0,0,0,0,0,0,0,0,0,0,0,0,0,0,,,0
86,2019,85,4,13,14,,0,0,0,0,0,0,0,0,0,0,0,0,0,0,,,0
85,2019,84,3,13,14,,0,0,0,0,0,0,0,0,0,0,0,0,0,0,,,0
84,2019,83,2,13,14,,0,0,0,0,0,0,0,0,0,0,0,0,0,0,,,0
83,2019,82,1,15,18,,0,0,0,0,0,0,0,0,0,0,0,0,0,0,,,0
82,2019,81,29,13,17,,0,0,0,0,0,0,0,0,0,0,0,0,0,0,,,0
81,2019,80,28,13,16,,0,0,0,0,0,0,0,0,0,0,0,0,0,0,,,0
80,2019,79,27,13,14,,0,0,0,0,0,0,0,0,0,0,0,0,0,0,,,0
79,2019,78,26,13,14,,0,0,0,0,0,0,0,0,0,0,0,0,0,0,,,0
78,2019,77,25,13,14,,0,0,0,0,0,0,0,0,0,0,0,0,0,0,,,0
77,2019,76,24,13,14,,0,0,0,0,0,0,0,0,0,0,0,0,0,0,,,0
76,2019,75,23,15,18,,0,0,0,0,0,0,0,0,0,0,0,0,0,0,,,0
75,2019,74,22,13,17,,0,0,0,0,0,0,0,0,0,0,0,0,0,0,,,0
74,2019,73,21,13,16,,0,0,0,0,0,0,0,0,0,0,0,0,0,0,,,0
73,2019,72,20,13,14,,0,0,0,0,0,0,0,0,0,0,0,0,0,0,,,0
72,2019,71,19,13,14,,0,0,0,0,0,0,0,0,0,0,0,0,0,0,,,0
71,2019,70,18,13,14,,0,0,0,0,0,0,0,0,0,0,0,0,0,0,,,0
70,2019,69,17,13,14,,0,0,0,0,0,0,0,0,0,0,0,0,0,0,,,0
69,2019,68,16,15,18,,0,0,0,0,0,0,0,0,0,0,0,0,0,0,,,0
68,2019,67,15,13,17,,0,0,0,0,0,0,0,0,0,0,0,0,0,0,,,0
67,2019,66,14,13,16,,0,0,0,0,0,0,0,0,0,0,0,0,0,0,,,0
66,2019,65,13,13,14,,0,0,0,0,0,0,0,0,0,0,0,0,0,0,,,0
65,2019,64,12,13,14,,0,0,0,0,0,0,0,0,0,0,0,0,0,0,,,0
64,2019,63,11,13,14,,0,0,0,0,0,0,0,0,0,0,0,0,0,0,,,0
63,2019,62,10,13,14,,0,0,0,0,0,0,0,0,0,0,0,0,0,0,,,0
62,2019,61,9,15,18,,0,0,0,0,0,0,0,0,0,0,0,0,0,0,,,0
61,2019,60,8,13,17,,0,0,0,0,0,0,0,0,0,0,0,0,0,0,,,0
60,2019,59,7,13,16,,0,0,0,0,0,0,0,0,0,0,0,0,0,0,,,0
59,2019,58,6,13,14,,0,0,0,0,0,0,0,0,0,0,0,0,0,0,,,0
58,2019,57,5,13,14,,0,0,0,0,0,0,0,0,0,0,0,0,0,0,,,0
57,2019,56,4,13,14,,0,0,0,0,0,0,0,0,0,0,0,0,0,0,,,0
56,2019,55,3,13,14,,0,0,0,0,0,0,0,0,0,0,0,0,0,0,,,0
55,2019,54,2,15,19,,0,0,0,0,0,0,0,0,0,0,0,0,0,0,,,0
54,2019,53,1,13,17,,0,0,0,0,0,0,0,0,0,0,0,0,0,0,,,0
53,2019,52,29,13,16,,0,0,0,0,0,0,0,0,0,0,0,0,0,0,,,0
52,2019,51,28,13,14,,0,0,0,0,0,0,0,0,0,0,0,0,0,0,,,0
51,2019,50,27,13,14,,0,0,0,0,0,0,0,0,0,0,0,0,0,0,,,0
50,2019,49,26,13,14,,0,0,0,0,0,0,0,0,0,0,0,0,0,0,,,0
49,2019,48,25,13,14,,0,0,0,0,0,0,0,0,0,0,0,0,0,0,,,0
48,2019,47,24,15,18,,0,0,0,0,0,0,0,0,0,0,0,0,0,0,,,0
47,2019,46,23,13,17,,0,0,0,0,0,0,0,0,0,0,0,0,0,0,,,0
46,2019,45,22,13,16,,0,0,0,0,0,0,0,0,0,0,0,0,0,0,,,0
45,2019,44,21,13,14,,0,0,0,0,0,0,0,0,0,0,0,0,0,0,,,0
44,2019,43,20,13,14,,0,0,0,0,0,0,0,0,0,0,0,0,0,0,,,0
43,2019,42,19,13,14,,0,0,0,0,0,0,0,0,0,0,0,0,0,0,,,0
42,2019,41,18,13,14,,0,0,0,0,0,0,0,0,0,0,0,0,0,0,,,0
41,2019,40,17,15,18,,0,0,0,0,0,0,0,0,0,0,0,0,0,0,,,0
40,2019,39,16,13,17,,0,0,0,0,0,0,0,0,0,0,0,0,0,0,,,0
39,2019,38,15,13,16,,0,0,0,0,0,0,0,0,0,0,0,0,0,0,,,0
38,2019,37,14,13,14,,0,0,0,0,0,0,0,0,0,0,0,0,0,0,,,0
37,2019,36,13,13,14,,0,0,0,0,0,0,0,0,0,0,0,0,0,0,,,0
36,2019,35,12,13,14,,0,0,0,0,0,0,0,0,0,0,0,0,0,0,,,0
35,2019,34,11,13,14,,0,0,0,0,0,0,0,0,0,0,0,0,0,0,,,0
34,2019,33,10,15,18,,0,0,0,0,0,0,0,0,0,0,0,0,0,0,,,0
33,2019,32,9,13,17,,0,0,0,0,0,0,0,0,0,0,0,0,0,0,,,0
32,2019,31,8,13,16,,0,0,0,0,0,0,0,0,0,0,0,0,0,0,,,0
31,2019,30,7,13,14,,0,0,0,0,0,0,0,0,0,0,0,0,0,0,,,0
30,2019,29,6,13,14,,0,0,0,0,0,0,0,0,0,0,0,0,0,0,,,0
29,2019,28,5,13,14,,0,0,0,0,0,0,0,0,0,0,0,0,0,0,,,0
28,2019,27,4,13,14,,0,0,0,0,0,0,0,0,0,0,0,0,0,0,,,0
27,2019,26,3,15,19,,0,0,0,0,0,0,0,0,0,0,0,0,0,0,,,0
26,2019,25,2,13,17,,0,0,0,0,0,0,0,0,0,0,0,0,0,0,,,0
25,2019,24,1,13,16,,0,0,0,0,0,0,0,0,0,0,0,0,0,0,,,0
24,2019,23,29,13,14,,0,0,0,0,0,0,0,0,0,0,0,0,0,0,,,0
23,2019,22,28,13,14,,0,0,0,0,0,0,0,0,0,0,0,0,0,0,,,0
22,2019,21,27,13,14,,0,0,0,0,0,0,0,0,0,0,0,0,0,0,,,0
21,2019,20,26,13,14,,0,0,0,0,0,0,0,0,0,0,0,0,0,0,,,0
20,2019,19,25,15,18,,0,0,0,0,0,0,0,0,0,0,0,0,0,0,,,0
19,2019,18,24,13,17,,0,0,0,0,0,0,0,0,0,0,0,0,0,0,,,0
18,2019,17,23,13,16,,0,0,0,0,0,0,0,0,0,0,0,0,0,0,,,0
17,2019,16,22,13,14,,0,0,0,0,0,0,0,0,0,0,0,0,0,0,,,0
16,2019,15,21,13,14,,0,0,0,0,0,0,0,0,0,0,0,0,0,0,,,0
15,2019,14,20,13,14,,0,0,0,0,0,0,0,0,0,0,0,0,0,0,,,0
14,2019,13,19,13,14,,0,0,0,0,0,0,0,0,0,0,0,0,0,0,,,0
13,2019,12,18,15,18,,0,0,0,0,0,0,0,0,0,0,0,0,0,0,,,0
12,2019,11,17,13,17,,0,0,0,0,0,0,0,0,0,0,0,0,0,0,,,0
11,2019,10,16,13,16,,0,0,0,0,0,0,0,0,0,0,0,0,0,0,,,0
10,2019,9,15,13,14,,0,0,0,0,0,0,0,0,0,0,0,0,0,0,,,0
9,2019,8,14,13,14,,0,0,0,0,0,0,0,0,0,0,0,0,0,0,,,0
8,2019,7,13,13,14,,0,0,0,0,0,0,0,0,0,0,0,0,0,0,,,0
7,2019,6,12,13,14,,0,0,0,0,0,0,0,0,0,0,0,0,0,0,,,0
6,2019,5,11,15,18,,0,0,0,0,0,0,0,0,0,0,0,0,0,0,,,0
5,2019,4,10,13,17,,0,0,0,0,0,0,0,0,0,0,0,0,0,0,,,0
4,2019,3,9,13,16,,0,0,0,0,0,0,0,0,0,0,0,0,0,0,,,0
3,2019,2,8,13,14,,0,0,0,0,0,0,0,0,0,0,0,0,0,0,,,0
2,2019,1,7,13,14,,0,0,0,0,0,0,0,0,0,0,0,0,0,0,,,0
1,2019,0,6,13,14,,0,0,0,0,0,0,0,0,0,0,0,0,0,0,,,0
